Notes;block;trial_num;statement_1;statement_2;statement_3;statement_4;statement_5;true_statements;false_statements;ku_statements;probed_truth_value;n_answers;n_true_answers;n_false_answers;n_ku_answers
;1;1;1 is hetzelfde als 2;2 is hetzelfde als 3;;;;3 is hetzelfde als 2, 2 is hetzelfde als 1, 1 is hetzelfde als 3, 3 is hetzelfde als 1 ;2 is het tegenovergestelde van 1, 3 is het tegenovergestelde van 2, 1 is het tegenovergestelde van 3, 3 is het tegenovergestelde van 1;1 is hetzelfde als 4, 1 is het tegenovergestelde van 4 ;WAAR;4;1;3;0
Identical to 1 except for question;1;2;1 is hetzelfde als 2;2 is hetzelfde als 3;;;;3 is hetzelfde als 2, 2 is hetzelfde als 1, 1 is hetzelfde als 3, 3 is hetzelfde als 1 ;2 is het tegenovergestelde van 1, 3 is het tegenovergestelde van 2, 1 is het tegenovergestelde van 3, 3 is het tegenovergestelde van 1;1 is hetzelfde als 4, 1 is het tegenovergestelde van 4 ;ONWAAR;4;2;2;0
;1;3;1 is hetzelfde als 2;2 is het tegenovergestelde van 3;;;;3 is het tegenovergestelde van 2, 2 is hetzelfde als 1, 1 is het tegenovergestelde van 3, 3 is het tegenovergestelde van 1;2 is het tegenovergestelde van 1, 3 is hetzelfde als 2, 1 is hetzelfde als 3, 3 is hetzelfde als 1;1 is hetzelfde als 4, 1 is het tegenovergestelde van 4 ;WAAR;4;2;2;0
Identical to 3 except for question;1;4;1 is hetzelfde als 2;2 is het tegenovergestelde van 3;;;;3 is het tegenovergestelde van 2, 2 is hetzelfde als 1, 1 is het tegenovergestelde van 3, 3 is het tegenovergestelde van 1;2 is het tegenovergestelde van 1, 3 is hetzelfde als 2, 1 is hetzelfde als 3, 3 is hetzelfde als 1;1 is hetzelfde als 4, 1 is het tegenovergestelde van 4 ;ONWAAR;4;2;2;0
;1;5;1 is het tegenovergestelde van 2;2 is het tegenovergestelde van 3;;;;3 is het tegenovergestelde van 2, 2 is het tegenovergestelde van 1, 1 is hetzelfde als 3, 3 is hetzelfde als 1;3 is hetzelfde als 2, 2 is hetzelfde als 1, 1 is het tegenovergestelde van 3, 3 is het tegenovergestelde van 1;1 is hetzelfde als 4, 1 is het tegenovergestelde van 4 ;WAAR;4;1;3;0
Identical to 5 except for question;1;6;1 is het tegenovergestelde van 2;2 is het tegenovergestelde van 3;;;;3 is het tegenovergestelde van 2, 2 is het tegenovergestelde van 1, 1 is hetzelfde als 3, 3 is hetzelfde als 1;3 is hetzelfde als 2, 2 is hetzelfde als 1, 1 is het tegenovergestelde van 3, 3 is het tegenovergestelde van 1;1 is hetzelfde als 4, 1 is het tegenovergestelde van 4 ;ONWAAR;4;1;3;0
;1;7;1 is hetzelfde als 2;2 is het tegenovergestelde van 3;3 is hetzelfde als 4;;;2 is hetzelfde als 1, 3 is het tegenovergestelde van 2, 4 is hetzelfde als 3, 1 is het tegenovergestelde van 3, 3 is het tegenovergestelde van 1, 2 is het tegenovergestelde van 4, 4 is het tegenovergestelde van 2, 1 is het tegenovergestelde van 4, 4 is het tegenovergestelde van 1;2 is het tegenovergestelde van 1, 3 is hetzelfde als 2, 4 is het tegenovergestelde van 3, 1 is hetzelfde als 3, 3 is hetzelfde als 1, 2 is hetzelfde als 4, 4 is hetzelfde als 2, 1 is hetzelfde als 4, 4 is hetzelfde als 1;1 is hetzelfde als 5, 1 is het tegenovergestelde van 5 ;WAAR;4;2;2;0
Identical to 7 except for question;1;8;1 is hetzelfde als 2;2 is het tegenovergestelde van 3;3 is hetzelfde als 4;;;2 is hetzelfde als 1, 3 is het tegenovergestelde van 2, 4 is hetzelfde als 3, 1 is het tegenovergestelde van 3, 3 is het tegenovergestelde van 1, 2 is het tegenovergestelde van 4, 4 is het tegenovergestelde van 2, 1 is het tegenovergestelde van 4, 4 is het tegenovergestelde van 1;2 is het tegenovergestelde van 1, 3 is hetzelfde als 2, 4 is het tegenovergestelde van 3, 1 is hetzelfde als 3, 3 is hetzelfde als 1, 2 is hetzelfde als 4, 4 is hetzelfde als 2, 1 is hetzelfde als 4, 4 is hetzelfde als 1;1 is hetzelfde als 5, 1 is het tegenovergestelde van 5 ;ONWAAR;4;2;2;0
;1;9;1 is het tegenovergestelde van 2;2 is hetzelfde als 3;3 is het tegenovergestelde van 4;;;2 is het tegenovergestelde van 1, 3 is hetzelfde als 2, 4 is het tegenovergestelde van 3, 1 is het tegenovergestelde van 3, 3 is het tegenovergestelde van 1, 2 is het tegenovergestelde van 4, 4 is het tegenovergestelde van 2, 1 is hetzelfde als 4, 4 is hetzelfde als 1;2 is hetzelfde als 1, 3 is het tegenovergestelde van 2, 4 is hetzelfde als 3, 1 is hetzelfde als 3, 3 is hetzelfde als 1, 2 is hetzelfde als 4, 4 is hetzelfde als 2, 1 is het tegenovergestelde van 4, 4 is het tegenovergestelde van 1;1 is hetzelfde als 5, 1 is het tegenovergestelde van 5 ;WAAR;6;2;4;0
Identical to 9 except for question;1;10;1 is het tegenovergestelde van 2;2 is hetzelfde als 3;3 is het tegenovergestelde van 4;;;2 is het tegenovergestelde van 1, 3 is hetzelfde als 2, 4 is het tegenovergestelde van 3, 1 is het tegenovergestelde van 3, 3 is het tegenovergestelde van 1, 2 is het tegenovergestelde van 4, 4 is het tegenovergestelde van 2, 1 is hetzelfde als 4, 4 is hetzelfde als 1;2 is hetzelfde als 1, 3 is het tegenovergestelde van 2, 4 is hetzelfde als 3, 1 is hetzelfde als 3, 3 is hetzelfde als 1, 2 is hetzelfde als 4, 4 is hetzelfde als 2, 1 is het tegenovergestelde van 4, 4 is het tegenovergestelde van 1;1 is hetzelfde als 5, 1 is het tegenovergestelde van 5 ;ONWAAR;6;1;5;0
;1;11;1 is het tegenovergestelde van 2;2 is het tegenovergestelde van 3;3 is het tegenovergestelde van 4;;;2 is het tegenovergestelde van 1, 3 is het tegenovergestelde van 2, 4 is het tegenovergestelde van 3, 1 is hetzelfde als 3, 3 is hetzelfde als 1, 2 is hetzelfde als 4, 4 is hetzelfde als 2, 1 is het tegenovergestelde van 4, 4 is het tegenovergestelde van 1;2 is hetzelfde als 1, 3 is hetzelfde als 2, 4 is hetzelfde als 3, 1 is het tegenovergestelde van 3, 3 is het tegenovergestelde van 1, 2 is het tegenovergestelde van 4, 4 is het tegenovergestelde van 2, 1 is hetzelfde als 4, 4 is hetzelfde als 1;1 is hetzelfde als 5, 1 is het tegenovergestelde van 5 ;WAAR;6;1;5;0
Identical to 11 except for question;1;12;1 is het tegenovergestelde van 2;2 is het tegenovergestelde van 3;3 is het tegenovergestelde van 4;;;2 is het tegenovergestelde van 1, 3 is het tegenovergestelde van 2, 4 is het tegenovergestelde van 3, 1 is hetzelfde als 3, 3 is hetzelfde als 1, 2 is hetzelfde als 4, 4 is hetzelfde als 2, 1 is het tegenovergestelde van 4, 4 is het tegenovergestelde van 1;2 is hetzelfde als 1, 3 is hetzelfde als 2, 4 is hetzelfde als 3, 1 is het tegenovergestelde van 3, 3 is het tegenovergestelde van 1, 2 is het tegenovergestelde van 4, 4 is het tegenovergestelde van 2, 1 is hetzelfde als 4, 4 is hetzelfde als 1;1 is hetzelfde als 5, 1 is het tegenovergestelde van 5 ;ONWAAR;6;1;5;0
;1;13;1 is het tegenovergestelde van 2;2 is hetzelfde als 3;3 is het tegenovergestelde van 4;4 is hetzelfde als 5;;2 is het tegenovergestelde van 1, 3 is hetzelfde als 2, 4 is het tegenovergestelde van 3, 5 is hetzelfde als 4, 1 is het tegenovergestelde van 3, 3 is het tegenovergestelde van 1, 2 is het tegenovergestelde van 4, 4 is het tegenovergestelde van 2, 3 is het tegenovergestelde van 5, 5 is het tegenovergestelde van 3, 2 is het tegenovergestelde van 5, 5 is het tegenovergestelde van 2, 1 is hetzelfde als 4, 4 is hetzelfde als 1, 1 is hetzelfde als 5, 5 is hetzelfde als 1;2 is hetzelfde als 1, 3 is het tegenovergestelde van 2, 4 is hetzelfde als 3, 5 is het tegenovergestelde van 4, 1 is hetzelfde als 3, 3 is hetzelfde als 1, 2 is hetzelfde als 4, 4 is hetzelfde als 2, 3 is hetzelfde als 5, 5 is hetzelfde als 3, 2 is hetzelfde als 5, 5 is hetzelfde als 2, 1 is het tegenovergestelde van 4, 4 is het tegenovergestelde van 1, 1 is het tegenovergestelde van 5, 5 is het tegenovergestelde van 1;1 is hetzelfde als 6, 1 is het tegenovergestelde van 6 ;WAAR;6;2;4;0
Identical to 13 except for question;1;14;1 is het tegenovergestelde van 2;2 is hetzelfde als 3;3 is het tegenovergestelde van 4;4 is hetzelfde als 5;;2 is het tegenovergestelde van 1, 3 is hetzelfde als 2, 4 is het tegenovergestelde van 3, 5 is hetzelfde als 4, 1 is het tegenovergestelde van 3, 3 is het tegenovergestelde van 1, 2 is het tegenovergestelde van 4, 4 is het tegenovergestelde van 2, 3 is het tegenovergestelde van 5, 5 is het tegenovergestelde van 3, 2 is het tegenovergestelde van 5, 5 is het tegenovergestelde van 2, 1 is hetzelfde als 4, 4 is hetzelfde als 1, 1 is hetzelfde als 5, 5 is hetzelfde als 1;2 is hetzelfde als 1, 3 is het tegenovergestelde van 2, 4 is hetzelfde als 3, 5 is het tegenovergestelde van 4, 1 is hetzelfde als 3, 3 is hetzelfde als 1, 2 is hetzelfde als 4, 4 is hetzelfde als 2, 3 is hetzelfde als 5, 5 is hetzelfde als 3, 2 is hetzelfde als 5, 5 is hetzelfde als 2, 1 is het tegenovergestelde van 4, 4 is het tegenovergestelde van 1, 1 is het tegenovergestelde van 5, 5 is het tegenovergestelde van 1;1 is hetzelfde als 6, 1 is het tegenovergestelde van 6 ;ONWAAR;6;1;5;0
;1;15;1 is hetzelfde als 2;2 is het tegenovergestelde van 3;3 is hetzelfde als 4;4 is het tegenovergestelde van 5;;2 is hetzelfde als 1, 3 is het tegenovergestelde van 2, 4 is hetzelfde als 3, 5 is het tegenovergestelde van 4, 1 is het tegenovergestelde van 3, 3 is het tegenovergestelde van 1, 2 is het tegenovergestelde van 4, 4 is het tegenovergestelde van 2, 3 is het tegenovergestelde van 5, 5 is het tegenovergestelde van 3, 1 is het tegenovergestelde van 4, 4 is het tegenovergestelde van 1, 2 is hetzelfde als 5, 5 is hetzelfde als 2, 1 is hetzelfde als 5, 5 is hetzelfde als 1;2 is het tegenovergestelde van 1, 3 is hetzelfde als 2, 4 is het tegenovergestelde van 3, 5 is hetzelfde als 4, 1 is hetzelfde als 3, 3 is hetzelfde als 1, 2 is hetzelfde als 4, 4 is hetzelfde als 2, 3 is hetzelfde als 5, 5 is hetzelfde als 3, 1 is hetzelfde als 4, 4 is hetzelfde als 1, 2 is het tegenovergestelde van 5, 5 is het tegenovergestelde van 2, 1 is het tegenovergestelde van 5, 5 is het tegenovergestelde van 1;1 is hetzelfde als 6, 1 is het tegenovergestelde van 6 ;WAAR;6;3;3;0
Identical to 15 except for question;1;16;1 is hetzelfde als 2;2 is het tegenovergestelde van 3;3 is hetzelfde als 4;4 is het tegenovergestelde van 5;;2 is hetzelfde als 1, 3 is het tegenovergestelde van 2, 4 is hetzelfde als 3, 5 is het tegenovergestelde van 4, 1 is het tegenovergestelde van 3, 3 is het tegenovergestelde van 1, 2 is het tegenovergestelde van 4, 4 is het tegenovergestelde van 2, 3 is het tegenovergestelde van 5, 5 is het tegenovergestelde van 3, 1 is het tegenovergestelde van 4, 4 is het tegenovergestelde van 1, 2 is hetzelfde als 5, 5 is hetzelfde als 2, 1 is hetzelfde als 5, 5 is hetzelfde als 1;2 is het tegenovergestelde van 1, 3 is hetzelfde als 2, 4 is het tegenovergestelde van 3, 5 is hetzelfde als 4, 1 is hetzelfde als 3, 3 is hetzelfde als 1, 2 is hetzelfde als 4, 4 is hetzelfde als 2, 3 is hetzelfde als 5, 5 is hetzelfde als 3, 1 is hetzelfde als 4, 4 is hetzelfde als 1, 2 is het tegenovergestelde van 5, 5 is het tegenovergestelde van 2, 1 is het tegenovergestelde van 5, 5 is het tegenovergestelde van 1;1 is hetzelfde als 6, 1 is het tegenovergestelde van 6 ;WAAR;6;2;4;0
Same as 1, 2;2;17;1 is hetzelfde als 2;2 is hetzelfde als 3;;;;3 is hetzelfde als 2, 2 is hetzelfde als 1, 1 is hetzelfde als 3, 3 is hetzelfde als 1 ;2 is verschillend van 1, 3 is verschillend van 2, 1 is verschillend van 3, 3 is verschillend van 1;1 is hetzelfde als 4, 1 is het tegenovergestelde van 4 ;ONWAAR;4;1;3;0
Same as 1, 2, 17;2;18;1 is hetzelfde als 2;2 is hetzelfde als 3;;;;3 is hetzelfde als 2, 2 is hetzelfde als 1, 1 is hetzelfde als 3, 3 is hetzelfde als 1 ;2 is verschillend van 1, 3 is verschillend van 2, 1 is verschillend van 3, 3 is verschillend van 1;1 is hetzelfde als 4, 1 is het tegenovergestelde van 4 ;WAAR;4;2;2;0
;2;19;1 is hetzelfde als 2;2 is verschillend van 3;;;;2 is hetzelfde als 1, 3 is verschillend van 2, 1 is verschillend van 3, 3 is verschillend van 1;2 is verschillend van 1, 3 is hetzelfde als 2, 1 is hetzelfde als 3, 3 is hetzelfde als 1;1 is hetzelfde als 4, 4 is verschillend van 1, 1 is het tegenovergestelde van 3, 3 is het tegenovergestelde van 1;ONWAAR;4;2;2;0
Same as 20;2;20;1 is hetzelfde als 2;2 is verschillend van 3;;;;2 is hetzelfde als 1, 3 is verschillend van 2, 1 is verschillend van 3, 3 is verschillend van 1;2 is verschillend van 1, 3 is hetzelfde als 2, 1 is hetzelfde als 3, 3 is hetzelfde als 1;1 is hetzelfde als 4, 4 is verschillend van 1, 1 is het tegenovergestelde van 3, 3 is het tegenovergestelde van 1;WAAR;4;3;1;0
;2;21;1 is verschillend van 2;2 is hetzelfde als 3;;;;2 is verschillend van 1, 3 is hetzelfde als 2, 1 is verschillend van 3, 3 is verschillend van 1;2 is hetzelfde als 1, 3 is verschillend van 2, 1 is hetzelfde als 3, 3 is hetzelfde als 1;1 is hetzelfde als 4, 4 is verschillend van 1, 1 is het tegenovergestelde van 3, 3 is het tegenovergestelde van 1;ONWAAR;4;1;3;0
Same as 22;2;22;1 is verschillend van 2;2 is hetzelfde als 3;;;;2 is verschillend van 1, 3 is hetzelfde als 2, 1 is verschillend van 3, 3 is verschillend van 1;2 is hetzelfde als 1, 3 is verschillend van 2, 1 is hetzelfde als 3, 3 is hetzelfde als 1;1 is hetzelfde als 4, 4 is verschillend van 1, 1 is het tegenovergestelde van 3, 3 is het tegenovergestelde van 1;WAAR;4;2;2;0
;2;23;1 is hetzelfde als 2;2 is verschillend van 3;3 is hetzelfde als 4;;;2 is hetzelfde als 1, 3 is verschillend van 2, 4 is hetzelfde als 3, 1 is verschillend van 3, 3 is verschillend van 1, 2 is verschillend van 4, 4 is verschillend van 2, 1 is verschillend van 4, 4 is verschillend van 1;2 is verschillend van 1, 3 is hetzelfde als 2, 4 is verschillend van 3, 1 is hetzelfde als 3, 3 is hetzelfde als 1, 2 is hetzelfde als 4, 4 is hetzelfde als 2, 1 is hetzelfde als 4, 4 is hetzelfde als 1;;ONWAAR;4;2;2;0
Same as 23;2;24;1 is hetzelfde als 2;2 is verschillend van 3;3 is hetzelfde als 4;;;2 is hetzelfde als 1, 3 is verschillend van 2, 4 is hetzelfde als 3, 1 is verschillend van 3, 3 is verschillend van 1, 2 is verschillend van 4, 4 is verschillend van 2, 1 is verschillend van 4, 4 is verschillend van 1;2 is verschillend van 1, 3 is hetzelfde als 2, 4 is verschillend van 3, 1 is hetzelfde als 3, 3 is hetzelfde als 1, 2 is hetzelfde als 4, 4 is hetzelfde als 2, 1 is hetzelfde als 4, 4 is hetzelfde als 1;;ONWAAR;4;2;2;0
;2;25;1 is hetzelfde als 2;2 is hetzelfde als 3;3 is verschillend van 4;;;2 is hetzelfde als 1, 3 is hetzelfde als 2, 4 is verschillend van 3, 1 is hetzelfde als 3, 3 is hetzelfde als 1, 2 is verschillend van 4, 4 is verschillend van 3, 1 is verschillend van 4, 4 is verschillend van 1;2 is verschillend van 1, 3 is verschillend van 2, 4 is hetzelfde als 3, 1 is verschillend van 3, 3 is verschillend van 1, 2 is hetzelfde als 4, 4 is hetzelfde als 3, 1 is hetzelfde als 4, 4 is hetzelfde als 1;;WAAR;6;2;4;0
Same as 25;2;26;1 is hetzelfde als 2;2 is hetzelfde als 3;3 is verschillend van 4;;;2 is hetzelfde als 1, 3 is hetzelfde als 2, 4 is verschillend van 3, 1 is hetzelfde als 3, 3 is hetzelfde als 1, 2 is verschillend van 4, 4 is verschillend van 3, 1 is verschillend van 4, 4 is verschillend van 1;2 is verschillend van 1, 3 is verschillend van 2, 4 is hetzelfde als 3, 1 is verschillend van 3, 3 is verschillend van 1, 2 is hetzelfde als 4, 4 is hetzelfde als 3, 1 is hetzelfde als 4, 4 is hetzelfde als 1;;ONWAAR;6;1;5;0
;2;27;1 is hetzelfde als 2;2 is hetzelfde als 3;3 is verschillend van 4;4 is hetzelfde als 5;;2 is hetzelfde als 1, 3 is hetzelfde als 2, 4 is verschillend van 3, 5 is hetzelfde als 4, 1 is hetzelfde als 3, 3 is hetzelfde als 1, 2 is verschillend van 4, 4 is verschillend van 2, 3 is verschillend van 5, 5 is verschillend van 3, 1 is verschillend van 4, 4 is verschillend van 1, 2 is verschillend van 5, 5 is verschillend van 2, 1 is verschillend van 5, 5 is verschillend van 1;2 is verschillend van 1, 3 is verschillend van 2, 4 is hetzelfde als 3, 5 is verschillend van 4, 1 is verschillend van 3, 3 is verschillend van 1, 2 is hetzelfde als 4, 4 is hetzelfde als 2, 3 is hetzelfde als 5, 5 is hetzelfde als 3, 1 is hetzelfde als 4, 4 is hetzelfde als 1, 2 is hetzelfde als 5, 5 is hetzelfde als 2, 1 is hetzelfde als 5, 5 is hetzelfde als 1;;ONWAAR;6;1;5;0
Same as 27;2;28;1 is hetzelfde als 2;2 is hetzelfde als 3;3 is verschillend van 4;4 is hetzelfde als 5;;2 is hetzelfde als 1, 3 is hetzelfde als 2, 4 is verschillend van 3, 5 is hetzelfde als 4, 1 is hetzelfde als 3, 3 is hetzelfde als 1, 2 is verschillend van 4, 4 is verschillend van 2, 3 is verschillend van 5, 5 is verschillend van 3, 1 is verschillend van 4, 4 is verschillend van 1, 2 is verschillend van 5, 5 is verschillend van 2, 1 is verschillend van 5, 5 is verschillend van 1;2 is verschillend van 1, 3 is verschillend van 2, 4 is hetzelfde als 3, 5 is verschillend van 4, 1 is verschillend van 3, 3 is verschillend van 1, 2 is hetzelfde als 4, 4 is hetzelfde als 2, 3 is hetzelfde als 5, 5 is hetzelfde als 3, 1 is hetzelfde als 4, 4 is hetzelfde als 1, 2 is hetzelfde als 5, 5 is hetzelfde als 2, 1 is hetzelfde als 5, 5 is hetzelfde als 1;;WAAR;6;1;5;0
;2;29;1 is hetzelfde als 2;2 is verschillend van 3;3 is hetzelfde als 4;4 is hetzelfde als 5;;2 is hetzelfde als 1, 3 is verschillend van 2, 4 is hetzelfde als 3, 5 is hetzelfde als 4, 1 is verschillend van 3, 3 is verschillend van 1, 2 is verschillend van 4, 4 is verschillend van 2, 3 is hetzelfde als 5, 5 is hetzelfde als 3, 1 is verschillend van 4, 4 is verschillend van 1, 2 is verschillend van 5, 5 is verschillend van 2, 1 is verschillend van 5, 5 is verschillend van 1;2 is verschillend van 1, 3 is hetzelfde als 2, 4 is verschillend van 3, 5 is verschillend van 4, 1 is hetzelfde als 3, 3 is hetzelfde als 1, 2 is hetzelfde als 4, 4 is hetzelfde als 2, 3 is verschillend van 5, 5 is verschillend van 3, 1 is hetzelfde als 4, 4 is hetzelfde als 1, 2 is hetzelfde als 5, 5 is hetzelfde als 2, 1 is hetzelfde als 5, 5 is hetzelfde als 1;;ONWAAR;6;1;5;0
Same as 29;2;30;1 is hetzelfde als 2;2 is verschillend van 3;3 is hetzelfde als 4;4 is hetzelfde als 5;;2 is hetzelfde als 1, 3 is verschillend van 2, 4 is hetzelfde als 3, 5 is hetzelfde als 4, 1 is verschillend van 3, 3 is verschillend van 1, 2 is verschillend van 4, 4 is verschillend van 2, 3 is hetzelfde als 5, 5 is hetzelfde als 3, 1 is verschillend van 4, 4 is verschillend van 1, 2 is verschillend van 5, 5 is verschillend van 2, 1 is verschillend van 5, 5 is verschillend van 1;2 is verschillend van 1, 3 is hetzelfde als 2, 4 is verschillend van 3, 5 is verschillend van 4, 1 is hetzelfde als 3, 3 is hetzelfde als 1, 2 is hetzelfde als 4, 4 is hetzelfde als 2, 3 is verschillend van 5, 5 is verschillend van 3, 1 is hetzelfde als 4, 4 is hetzelfde als 1, 2 is hetzelfde als 5, 5 is hetzelfde als 2, 1 is hetzelfde als 5, 5 is hetzelfde als 1;;ONWAAR;6;3;3;0
Same as 29;2;31;1 is hetzelfde als 2;2 is verschillend van 3;3 is hetzelfde als 4;4 is hetzelfde als 5;;2 is hetzelfde als 1, 3 is verschillend van 2, 4 is hetzelfde als 3, 5 is hetzelfde als 4, 1 is verschillend van 3, 3 is verschillend van 1, 2 is verschillend van 4, 4 is verschillend van 2, 3 is hetzelfde als 5, 5 is hetzelfde als 3, 1 is verschillend van 4, 4 is verschillend van 1, 2 is verschillend van 5, 5 is verschillend van 2, 1 is verschillend van 5, 5 is verschillend van 1;2 is verschillend van 1, 3 is hetzelfde als 2, 4 is verschillend van 3, 5 is verschillend van 4, 1 is hetzelfde als 3, 3 is hetzelfde als 1, 2 is hetzelfde als 4, 4 is hetzelfde als 2, 3 is verschillend van 5, 5 is verschillend van 3, 1 is hetzelfde als 4, 4 is hetzelfde als 1, 2 is hetzelfde als 5, 5 is hetzelfde als 2, 1 is hetzelfde als 5, 5 is hetzelfde als 1;;WAAR;6;3;3;0
Same as 29;2;32;1 is hetzelfde als 2;2 is verschillend van 3;3 is hetzelfde als 4;4 is hetzelfde als 5;;2 is hetzelfde als 1, 3 is verschillend van 2, 4 is hetzelfde als 3, 5 is hetzelfde als 4, 1 is verschillend van 3, 3 is verschillend van 1, 2 is verschillend van 4, 4 is verschillend van 2, 3 is hetzelfde als 5, 5 is hetzelfde als 3, 1 is verschillend van 4, 4 is verschillend van 1, 2 is verschillend van 5, 5 is verschillend van 2, 1 is verschillend van 5, 5 is verschillend van 1;2 is verschillend van 1, 3 is hetzelfde als 2, 4 is verschillend van 3, 5 is verschillend van 4, 1 is hetzelfde als 3, 3 is hetzelfde als 1, 2 is hetzelfde als 4, 4 is hetzelfde als 2, 3 is verschillend van 5, 5 is verschillend van 3, 1 is hetzelfde als 4, 4 is hetzelfde als 1, 2 is hetzelfde als 5, 5 is hetzelfde als 2, 1 is hetzelfde als 5, 5 is hetzelfde als 1;;ONWAAR;6;3;3;0
;3;33;1 is meer dan 2;2 is meer dan 3;;;;2 is minder dan 1, 3 is minder dan 2, 1 is meer dan 3, 3 is minder dan 1;2 is meer dan 1, 3 is meer dan 2, 1 is minder dan 3, 3 is meer dan 1;;ONWAAR;4;2;2;0
;3;34;1 is meer dan 2;3 is meer dan 2;;;;2 is minder dan 1, 2 is minder dan 3;2 is meer dan 1, 2 is meer dan 3;1 is meer dan 3, 3 is minder dan 1, 1 is minder dan 3, 3 is meer dan 1;WAAR;4;2;2;0
;3;35;1 is meer dan 2;3 is minder dan 2;;;;2 is minder dan 1, 2 is meer dan 3;2 is meer dan 1, 2 is minder dan 3;;ONWAAR;4;2;2;0
;3;36;1 is meer dan 2;2 is minder dan 3;;;;2 is minder dan 1, 3 is meer dan 2;2 is meer dan 1, 3 is minder dan 2;1 is meer dan 3, 3 is meer dan 1, 1 is minder dan 3, 3 is minder dan 1;ONWAAR;4;2;2;0
;3;37;1 is minder dan 2;2 is minder dan 3;;;;2 is meer dan 1, 3 is meer dan 2, 3 is meer dan 1, 1 is minder dan 3;2 is minder dan 1, 3 is minder dan 2, 3 is minder dan 1, 1 is meer dan 3;;WAAR;4;3;1;0
Same as 37;3;38;1 is minder dan 2;2 is minder dan 3;;;;2 is meer dan 1, 3 is meer dan 2, 3 is meer dan 1, 1 is minder dan 3;2 is minder dan 1, 3 is minder dan 2, 3 is minder dan 1, 1 is meer dan 3;;ONWAAR;4;2;2;0
;3;39;1 is meer dan 2;3 is minder dan 2;3 is meer dan 4;;;2 is minder dan 1, 2 is meer dan 3, 4 is minder dan 3, 1 is meer dan 3, 3 is minder dan 1, 2 is meer dan 4, 4 is minder dan 2, 1 is meer dan 4, 4 is minder dan 1;2 is meer dan 1, 2 is minder dan 3, 4 is meer dan 3, 1 is minder dan 3, 3 is meer dan 1, 2 is minder dan 4, 4 is meer dan 2, 1 is minder dan 4, 4 is meer dan 1;;ONWAAR;4;1;3;0
Same as 39;3;40;1 is meer dan 2;3 is minder dan 2;3 is meer dan 4;;;2 is minder dan 1, 2 is meer dan 3, 4 is minder dan 3, 1 is meer dan 3, 3 is minder dan 1, 2 is meer dan 4, 4 is minder dan 2, 1 is meer dan 4, 4 is minder dan 1;2 is meer dan 1, 2 is minder dan 3, 4 is meer dan 3, 1 is minder dan 3, 3 is meer dan 1, 2 is minder dan 4, 4 is meer dan 2, 1 is minder dan 4, 4 is meer dan 1;;WAAR;4;1;3;0
;3;41;1 is minder dan 2;3 is meer dan 2;4 is meer dan 3;;;2 is meer dan 1, 2 is minder dan 3, 3 is minder dan 4, 3 is meer dan 1, 1 is minder dan 3, 2 is minder dan 4, 4 is meer dan 2, 1 is minder dan 4, 4 is meer dan 1;2 is minder dan 1, 2 is meer dan 3, 3 is meer dan 4, 3 is minder dan 1, 1 is meer dan 3, 2 is meer dan 4, 4 is minder dan 2, 1 is meer dan 4, 4 is minder dan 1;;ONWAAR;6;1;5;0
Same as 41;3;42;1 is minder dan 2;3 is meer dan 2;4 is meer dan 3;;;2 is meer dan 1, 2 is minder dan 3, 3 is minder dan 4, 1 is minder dan 3, 3 is meer dan 1, 2 is minder dan 4, 4 is meer dan 2, 1 is minder dan 4, 4 is meer dan 1;2 is minder dan 1, 2 is meer dan 3, 3 is meer dan 4, 1 is meer dan 3, 3 is minder dan 1, 2 is meer dan 4, 4 is minder dan 2, 1 is meer dan 4, 4 is minder dan 1;;ONWAAR;6;1;5;0
;3;43;1 is minder dan 2;2 is minder dan 3;3 is minder dan 4;;;2 is meer dan 1, 3 is meer dan 2, 4 is meer dan 3, 1 is minder dan 3, 3 is meer dan 1, 2 is minder dan 4, 4 is meer dan 2, 1 is minder dan 4, 4 is meer dan 1;2 is minder dan 1, 3 is minder dan 2, 4 is minder dan 3, 1 is meer dan 3, 3 is minder dan 1, 2 is meer dan 4, 4 is minder dan 2, 1 is meer dan 4, 4 is minder dan 1;;WAAR;6;2;4;0
Same as 43;3;44;1 is minder dan 2;2 is minder dan 3;3 is minder dan 4;;;2 is meer dan 1, 3 is meer dan 2, 4 is meer dan 3, 1 is minder dan 3, 3 is meer dan 1, 2 is minder dan 4, 4 is meer dan 2, 1 is minder dan 4, 4 is meer dan 1;2 is minder dan 1, 3 is minder dan 2, 4 is minder dan 3, 1 is meer dan 3, 3 is minder dan 1, 2 is meer dan 4, 4 is minder dan 2, 1 is meer dan 4, 4 is minder dan 1;;ONWAAR;6;2;4;0
;3;45;1 is minder dan 2;3 is meer dan 2;3 is minder dan 4;5 is meer dan 4;;2 is meer dan 1, 2 is minder dan 3, 4 is meer dan 3, 4 is minder dan 5, 1 is minder dan 3, 3 is meer dan 1, 2 is minder dan 4, 4 is meer dan 2, 3 is minder dan 5, 5 is meer dan 3, 1 is minder dan 4, 4 is meer dan 1, 2 is minder dan 5, 5 is meer dan 2, 1 is minder dan 5, 5 is meer dan 1;2 is minder dan 1, 2 is meer dan 3, 4 is minder dan 3, 4 is meer dan 5, 1 is meer dan 3, 3 is minder dan 1, 2 is meer dan 4, 4 is minder dan 2, 3 is meer dan 5, 5 is minder dan 3, 1 is meer dan 4, 4 is minder dan 1, 2 is meer dan 5, 5 is minder dan 2, 1 is meer dan 5, 5 is minder dan 1;;ONWAAR;6;3;3;0
Same as 45;3;46;1 is minder dan 2;3 is meer dan 2;3 is minder dan 4;5 is meer dan 4;;2 is meer dan 1, 2 is minder dan 3, 4 is meer dan 3, 4 is minder dan 5, 1 is minder dan 3, 3 is meer dan 1, 2 is minder dan 4, 4 is meer dan 2, 3 is minder dan 5, 5 is meer dan 3, 1 is minder dan 4, 4 is meer dan 1, 2 is minder dan 5, 5 is meer dan 2, 1 is minder dan 5, 5 is meer dan 1;2 is minder dan 1, 2 is meer dan 3, 4 is minder dan 3, 4 is meer dan 5, 1 is meer dan 3, 3 is minder dan 1, 2 is meer dan 4, 4 is minder dan 2, 3 is meer dan 5, 5 is minder dan 3, 1 is meer dan 4, 4 is minder dan 1, 2 is meer dan 5, 5 is minder dan 2, 1 is meer dan 5, 5 is minder dan 1;;WAAR;6;3;3;0
;3;47;1 is meer dan 2;3 is minder dan 2;3 is meer dan 4;5 is minder dan 4;;2 is minder dan 1, 2 is meer dan 3, 4 is minder dan 3, 4 is meer dan 5, 1 is meer dan 3, 3 is minder dan 1, 2 is meer dan 4, 4 is minder dan 2, 3 is meer dan 5, 5 is minder dan 3, 1 is meer dan 4, 4 is minder dan 1, 2 is meer dan 5, 5 is minder dan 2, 1 is meer dan 5, 5 is minder dan 1;2 is meer dan 1, 2 is minder dan 3, 4 is meer dan 3, 4 is minder dan 5, 1 is minder dan 3, 3 is meer dan 1, 2 is minder dan 4, 4 is meer dan 2, 3 is minder dan 5, 5 is meer dan 3, 1 is minder dan 4, 4 is meer dan 1, 2 is minder dan 5, 5 is meer dan 2, 1 is minder dan 5, 5 is meer dan 1;;ONWAAR;6;3;3;0
Same as 47;3;48;1 is meer dan 2;3 is minder dan 2;3 is meer dan 4;5 is minder dan 4;;2 is minder dan 1, 2 is meer dan 3, 4 is minder dan 3, 4 is meer dan 5, 1 is meer dan 3, 3 is minder dan 1, 2 is meer dan 4, 4 is minder dan 2, 3 is meer dan 5, 5 is minder dan 3, 1 is meer dan 4, 4 is minder dan 1, 2 is meer dan 5, 5 is minder dan 2, 1 is meer dan 5, 5 is minder dan 1;2 is meer dan 1, 2 is minder dan 3, 4 is meer dan 3, 4 is minder dan 5, 1 is minder dan 3, 3 is meer dan 1, 2 is minder dan 4, 4 is meer dan 2, 3 is minder dan 5, 5 is meer dan 3, 1 is minder dan 4, 4 is meer dan 1, 2 is minder dan 5, 5 is meer dan 2, 1 is minder dan 5, 5 is meer dan 1;;ONWAAR;6;1;5;0
;4;49;1 komt voor 2;2 komt voor 3;;;;2 komt na 1, 3 komt na 2, 1 komt voor 3, 3 komt na 1;2 komt voor 1, 3 komt voor 2, 1 komt na 3, 3 komt voor 1;;WAAR;4;2;2;0
;4;50;1 komt voor 2;2 komt voor 3;;;;2 komt na 1, 3 komt na 2, 1 komt voor 3, 3 komt na 1;2 komt voor 1, 3 komt voor 2, 1 komt na 3, 3 komt voor 1;;ONWAAR;4;1;3;0
;4;51;1 komt na 2;2 komt na 3;;;;2 komt voor 1, 3 komt voor 2, 1 komt na 3, 3 komt voor 1;2 komt na 1, 3 komt na 2, 1 komt voor 3, 3 komt na 1;;ONWAAR;4;2;2;0
;4;52;1 komt na 2;2 komt na 3;;;;2 komt voor 1, 3 komt voor 2, 1 komt na 3, 3 komt voor 1;2 komt na 1, 3 komt na 2, 1 komt voor 3, 3 komt na 1;;WAAR;4;1;3;0
;4;53;1 komt na 2;3 komt voor 2;;;;2 komt voor 1, 2 komt na 3, 3 komt voor 1, 1 komt na 3;2 komt na 1, 3 komt na 2, 1 komt voor 3, 3 komt na 1;;ONWAAR;4;2;2;0
;4;54;1 komt na 2;3 komt voor 2;;;;2 komt voor 1, 2 komt na 3, 3 komt voor 1, 1 komt na 3;2 komt na 1, 3 komt na 2, 1 komt voor 3, 3 komt na 1;;ONWAAR;4;1;3;0
;4;55;1 komt voor 2;3 komt na 2;3 komt voor 4;;;2 komt na 1, 2 komt voor 3, 4 komt na 3, 1 komt voor 3, 3 komt na 1, 2 komt voor 4, 4 komt na 2, 1 komt voor 4, 4 komt na 1;2 komt voor 1, 2 komt na 3, 4 komt voor 3, 1 komt na 3, 3 komt voor 1, 2 komt na 4, 4 komt voor 2, 1 komt na 4, 4 komt voor 1;;WAAR;4;1;3;0
;4;56;1 komt voor 2;3 komt na 2;3 komt voor 4;;;2 komt na 1, 2 komt voor 3, 4 komt na 3, 1 komt voor 3, 3 komt na 1, 2 komt voor 4, 4 komt na 2, 1 komt voor 4, 4 komt na 1;2 komt voor 1, 2 komt na 3, 4 komt voor 3, 1 komt na 3, 3 komt voor 1, 2 komt na 4, 4 komt voor 2, 1 komt na 4, 4 komt voor 1;;ONWAAR;4;1;3;0
;4;57;1 komt na 2;2 komt na 3;4 komt voor 3;;;2 komt voor 1, 3 komt voor 2, 3 komt na 4, 1 komt na 3, 3 komt voor 1, 2 komt na 4, 4 komt voor 2, 1 komt na 4, 4 komt voor 1;2 komt na 1, 3 komt na 2, 3 komt voor 4, 1 komt voor 3, 3 komt na 1, 2 komt voor 4, 4 komt na 2, 1 komt voor 4, 4 komt na 1;;ONWAAR;6;2;4;0
;4;58;1 komt na 2;2 komt na 3;4 komt voor 3;;;2 komt voor 1, 3 komt voor 2, 3 komt na 4, 1 komt na 3, 3 komt voor 1, 2 komt na 4, 4 komt voor 2, 1 komt na 4, 4 komt voor 1;2 komt na 1, 3 komt na 2, 3 komt voor 4, 1 komt voor 3, 3 komt na 1, 2 komt voor 4, 4 komt na 2, 1 komt voor 4, 4 komt na 1;;WAAR;6;2;4;0
;4;59;1 komt na 2;3 komt voor 2;3 komt na 4;;;2 komt voor 1, 3 komt voor 2, 3 komt na 4, 1 komt na 3, 3 komt voor 1, 2 komt na 4, 4 komt voor 2, 1 komt na 4, 4 komt voor 1;2 komt na 1, 3 komt na 2, 3 komt voor 4, 1 komt voor 3, 3 komt na 1, 2 komt voor 4, 4 komt na 2, 1 komt voor 4, 4 komt na 1;;ONWAAR;6;3;3;0
;4;60;1 komt na 2;3 komt voor 2;3 komt na 4;;;2 komt voor 1, 3 komt voor 2, 3 komt na 4, 1 komt na 3, 3 komt voor 1, 2 komt na 4, 4 komt voor 2, 1 komt na 4, 4 komt voor 1;2 komt na 1, 3 komt na 2, 3 komt voor 4, 1 komt voor 3, 3 komt na 1, 2 komt voor 4, 4 komt na 2, 1 komt voor 4, 4 komt na 1;;ONWAAR;6;3;3;0
;4;61;1 komt na 2;3 komt voor 2;3 komt na 4;5 komt voor 4;;2 komt voor 1, 3 komt voor 2, 3 komt na 4, 4 komt na 5, 1 komt na 3, 3 komt voor 1, 2 komt na 4, 4 komt voor 2, 3 komt na 5, 5 komt voor 3, 1 komt na 4, 4 komt voor 1, 2 komt na 5, 5 komt voor 2, 1 komt na 5, 5 komt voor 1;2 komt na 1, 3 komt na 2, 3 komt voor 4, 4 komt voor 5, 1 komt voor 3, 3 komt na 1, 2 komt voor 4, 4 komt na 2, 3 komt voor 5, 5 komt na 3, 1 komt voor 4, 4 komt na 1, 2 komt voor 5, 5 komt na 2, 1 komt voor 5, 5 komt na 1;;WAAR;6;2;4;0
;4;62;1 komt na 2;3 komt voor 2;3 komt na 4;5 komt voor 4;;2 komt voor 1, 3 komt voor 2, 3 komt na 4, 4 komt na 5, 1 komt na 3, 3 komt voor 1, 2 komt na 4, 4 komt voor 2, 3 komt na 5, 5 komt voor 3, 1 komt na 4, 4 komt voor 1, 2 komt na 5, 5 komt voor 2, 1 komt na 5, 5 komt voor 1;2 komt na 1, 3 komt na 2, 3 komt voor 4, 4 komt voor 5, 1 komt voor 3, 3 komt na 1, 2 komt voor 4, 4 komt na 2, 3 komt voor 5, 5 komt na 3, 1 komt voor 4, 4 komt na 1, 2 komt voor 5, 5 komt na 2, 1 komt voor 5, 5 komt na 1;;ONWAAR;6;1;5;0
;4;63;1 komt voor 2;3 komt na 2;3 komt voor 4;5 komt na 4;;2 komt na 1, 2 komt voor 3, 4 komt na 3, 4 komt voor 5, 1 komt voor 3, 3 komt na 1, 2 komt voor 4, 4 komt na 2, 3 komt voor 5, 5 komt na 3, 1 komt voor 4, 4 komt na 1, 2 komt voor 5, 5 komt na 2, 1 komt voor 5, 5 komt na 1;2 komt voor 1, 2 komt na 3, 4 komt voor 3, 4 komt na 5, 1 komt na 3, 3 komt voor 1, 2 komt na 4, 4 komt voor 2, 3 komt na 5, 5 komt voor 3, 1 komt na 4, 4 komt voor 1, 2 komt na 5, 5 komt voor 2, 1 komt na 5, 5 komt voor 1;;ONWAAR;6;1;5;0
;4;64;1 komt voor 2;3 komt na 2;3 komt voor 4;5 komt na 4;;2 komt na 1, 2 komt voor 3, 4 komt na 3, 4 komt voor 5, 1 komt voor 3, 3 komt na 1, 2 komt voor 4, 4 komt na 2, 3 komt voor 5, 5 komt na 3, 1 komt voor 4, 4 komt na 1, 2 komt voor 5, 5 komt na 2, 1 komt voor 5, 5 komt na 1;2 komt voor 1, 2 komt na 3, 4 komt voor 3, 4 komt na 5, 1 komt na 3, 3 komt voor 1, 2 komt na 4, 4 komt voor 2, 3 komt na 5, 5 komt voor 3, 1 komt na 4, 4 komt voor 1, 2 komt na 5, 5 komt voor 2, 1 komt na 5, 5 komt voor 1;;WAAR;6;2;4;0
EXCLUDE;5;65;1 bevat 2;;;;;2 zit in 1;2 bevat 1, 1 zit in 2;;ONWAAR;4;1;3;0
EXCLUDE;5;66;1 zit in 2;;;;;2 bevat 1;2 zit in 1, 1 bevat 2;;ONWAAR;4;1;3;0
;5;67;1 bevat 2;2 bevat 3;;;;2 zit in 1, 3 zit in 2, 3 zit in 1, 1 bevat 3;2 bevat 1, 3 bevat 2, 3 bevat 1, 1 zit in 3;;WAAR;4;2;2;0
;5;68;1 bevat 2;3 zit in 2;;;;2 zit in 1, 2 bevat 3, 3 zit in 1, 1 bevat 3;2 bevat 1, 2 zit in 3, 3 bevat 1, 1 zit in 3;;ONWAAR;4;1;3;0
;5;69;1 bevat 2;3 zit in 2;;;;2 zit in 1, 2 bevat 3, 3 zit in 1, 1 bevat 3;2 bevat 1, 2 zit in 3, 3 bevat 1, 1 zit in 3;;ONWAAR;4;2;2;0
;5;70;1 zit in 2;2 zit in 3;;;;2 bevat 1, 3 bevat 2, 1 zit in 3, 3 bevat 1;2 zit in 1, 3 zit in 2, 1 bevat 3, 3 zit in 1;;WAAR;4;1;3;0
;5;71;1 bevat 2;3 zit in 2;3 bevat 4;;;2 zit in 1, 2 bevat 3, 4 zit in 3, 1 bevat 3, 3 zit in 1, 2 bevat 4, 4 zit in 2, 1 bevat 4, 4 zit in 1;2 bevat 1, 2 zit in 3, 4 bevat 3, 1 zit in 3, 3 bevat 1, 2 zit in 4, 4 bevat 2, 1 zit in 4, 4 bevat 1;;ONWAAR;4;1;3;0
;5;72;1 bevat 2;3 zit in 2;3 bevat 4;;;2 zit in 1, 2 bevat 3, 4 zit in 3, 1 bevat 3, 3 zit in 1, 2 bevat 4, 4 zit in 2, 1 bevat 4, 4 zit in 1;2 bevat 1, 2 zit in 3, 4 bevat 3, 1 zit in 3, 3 bevat 1, 2 zit in 4, 4 bevat 2, 1 zit in 4, 4 bevat 1;;ONWAAR;4;2;2;0
;5;73;1 zit in 2;3 bevat 2;4 bevat 3;;;2 bevat 1, 2 zit in 3, 3 zit in 4, 1 zit in 3, 3 bevat 1, 2 zit in 4, 4 bevat 2, 1 zit in 4, 4 bevat 1;2 zit in 1, 2 bevat 3, 3 bevat 4, 1 bevat 3, 3 zit in 1, 2 bevat 4, 4 zit in 2, 1 bevat 4, 4 zit in 1;;WAAR;6;2;4;0
;5;74;1 zit in 2;3 bevat 2;4 bevat 3;;;2 bevat 1, 2 zit in 3, 3 zit in 4, 1 zit in 3, 3 bevat 1, 2 zit in 4, 4 bevat 2, 1 zit in 4, 4 bevat 1;2 zit in 1, 2 bevat 3, 3 bevat 4, 1 bevat 3, 3 zit in 1, 2 bevat 4, 4 zit in 2, 1 bevat 4, 4 zit in 1;;ONWAAR;6;3;3;0
;5;75;1 zit in 2;2 zit in 3;4 bevat 3;;;2 bevat 1, 2 zit in 3, 3 zit in 4, 1 zit in 3, 3 bevat 1, 2 zit in 4, 4 bevat 2, 1 zit in 4, 4 bevat 1;2 zit in 1, 2 bevat 3, 3 bevat 4, 1 bevat 3, 3 zit in 1, 2 bevat 4, 4 zit in 2, 1 bevat 4, 4 zit in 1;;ONWAAR;6;2;4;0
;5;76;1 zit in 2;2 zit in 3;4 bevat 3;;;2 bevat 1, 2 zit in 3, 3 zit in 4, 1 zit in 3, 3 bevat 1, 2 zit in 4, 4 bevat 2, 1 zit in 4, 4 bevat 1;2 zit in 1, 2 bevat 3, 3 bevat 4, 1 bevat 3, 3 zit in 1, 2 bevat 4, 4 zit in 2, 1 bevat 4, 4 zit in 1;;WAAR;6;2;4;0
;5;77;1 bevat 2;3 zit in 2;3 bevat 4;5 zit in 4;;2 zit in 1, 2 bevat 3, 4 zit in 3, 4 bevat 5, 1 bevat 3, 3 zit in 1, 2 bevat 4, 4 zit in 2, 3 bevat 5, 5 zit in 3, 1 bevat 4, 4 zit in 1, 2 bevat 5, 5 zit in 2, 1 bevat 5, 5 zit in 1;2 bevat 1, 2 zit in 3, 4 bevat 3, 4 zit in 5, 1 zit in 3, 3 bevat 1, 2 zit in 4, 4 bevat 2, 3 zit in 5, 5 bevat 3, 1 zit in 4, 4 bevat 1, 2 zit in 5, 5 bevat 2, 1 zit in 5, 5 bevat 1;;ONWAAR;6;1;5;0
;5;78;1 bevat 2;3 zit in 2;3 bevat 4;4 bevat 5;;2 zit in 1, 2 bevat 3, 4 zit in 3, 4 bevat 5, 1 bevat 3, 3 zit in 1, 2 bevat 4, 4 zit in 2, 3 bevat 5, 5 zit in 3, 1 bevat 4, 4 zit in 1, 2 bevat 5, 5 zit in 2, 1 bevat 5, 5 zit in 1;2 bevat 1, 2 zit in 3, 4 bevat 3, 4 zit in 5, 1 zit in 3, 3 bevat 1, 2 zit in 4, 4 bevat 2, 3 zit in 5, 5 bevat 3, 1 zit in 4, 4 bevat 1, 2 zit in 5, 5 bevat 2, 1 zit in 5, 5 bevat 1;;ONWAAR;6;1;5;0
;5;79;1 zit in 2;3 bevat 2;4 bevat 3;5 bevat 4;;2 bevat 1, 2 zit in 3, 3 zit in 4, 4 zit in 5, 1 zit in 3, 3 bevat 1, 2 zit in 4, 4 bevat 2, 3 zit in 5, 5 bevat 3, 1 zit in 4, 4 bevat 1, 2 zit in 5, 5 bevat 2, 1 zit in 5, 5 bevat 1;2 zit in 1, 2 bevat 3, 3 bevat 4, 4 bevat 5, 1 bevat 3, 3 zit in 1, 2 bevat 4, 4 zit in 2, 3 bevat 5, 5 zit in 3, 1 bevat 4, 4 zit in 1, 2 bevat 5, 5 zit in 2, 1 bevat 5, 5 zit in 1;;WAAR;6;1;5;0
;5;80;1 zit in 2;2 zit in 3;4 bevat 3;5 bevat 4;;2 bevat 1, 3 bevat 2, 3 zit in 4, 4 zit in 5, 1 zit in 3, 3 bevat 1, 2 zit in 4, 4 bevat 2, 3 zit in 5, 5 bevat 3, 1 zit in 4, 4 bevat 1, 2 zit in 5, 5 bevat 2, 1 zit in 5, 5 bevat 1;2 zit in 1, 2 bevat 3, 3 bevat 4, 4 bevat 5, 1 bevat 3, 3 zit in 1, 2 bevat 4, 4 zit in 2, 3 bevat 5, 5 zit in 3, 1 bevat 4, 4 zit in 1, 2 bevat 5, 5 zit in 2, 1 bevat 5, 5 zit in 1;;ONWAAR;6;2;4;0
FIX THESE TRIALS;6;81;1 is hetzelfde als 2;3 is hetzelfde als 4;;;;1 ten opzichte van 2<br>is hetzelfde als<br>3 ten opzichte van 4, 2 ten opzichte van 1<br>is hetzelfde als<br>4 ten opzichte van 3, 3 ten opzichte van 4<br>is hetzelfde als<br>1 ten opzichte van 2, 4 ten opzichte van 3<br>is hetzelfde als<br>2 ten opzichte van 1;1 ten opzichte van 2 <br>is het tegenovergestelde van<br> 3 ten opzichte van 4, 2 ten opzichte van 1 <br>is het tegenovergestelde van<br> 4 ten opzichte van 3, 3 ten opzichte van 4 <br>is het tegenovergestelde van<br> 1 ten opzichte van 2, 4 ten opzichte van 3 <br>is het tegenovergestelde van<br> 2 ten opzichte van 1;;ONWAAR;4;1;3;0
;6;82;1 is hetzelfde als 2;3 is hetzelfde als 4;;;;1 ten opzichte van 2<br>is hetzelfde als<br>3 ten opzichte van 4, 2 ten opzichte van 1<br>is hetzelfde als<br>4 ten opzichte van 3, 3 ten opzichte van 4<br>is hetzelfde als<br>1 ten opzichte van 2, 4 ten opzichte van 3<br>is hetzelfde als<br>2 ten opzichte van 1;1 ten opzichte van 2 <br>is het tegenovergestelde van<br> 3 ten opzichte van 4, 2 ten opzichte van 1 <br>is het tegenovergestelde van<br> 4 ten opzichte van 3, 3 ten opzichte van 4 <br>is het tegenovergestelde van<br> 1 ten opzichte van 2, 4 ten opzichte van 3 <br>is het tegenovergestelde van<br> 2 ten opzichte van 1;;WAAR;4;2;2;0
;6;83;1 is hetzelfde als 2;3 is hetzelfde als 4;;;;1 ten opzichte van 2<br>is hetzelfde als<br>3 ten opzichte van 4, 2 ten opzichte van 1<br>is hetzelfde als<br>4 ten opzichte van 3, 3 ten opzichte van 4<br>is hetzelfde als<br>1 ten opzichte van 2, 4 ten opzichte van 3<br>is hetzelfde als<br>2 ten opzichte van 1;1 ten opzichte van 2 <br>is het tegenovergestelde van<br> 3 ten opzichte van 4, 2 ten opzichte van 1 <br>is het tegenovergestelde van<br> 4 ten opzichte van 3, 3 ten opzichte van 4 <br>is het tegenovergestelde van<br> 1 ten opzichte van 2, 4 ten opzichte van 3 <br>is het tegenovergestelde van<br> 2 ten opzichte van 1;;ONWAAR;4;3;1;0
;6;84;1 is hetzelfde als 2;3 is het tegenovergestelde van 4;;;;1 ten opzichte van 2 <br>is het tegenovergestelde van<br> 3 ten opzichte van 4, 2 ten opzichte van 1 <br>is het tegenovergestelde van<br> 3 ten opzichte van 4, 3 ten opzichte van 4 <br>is het tegenovergestelde van<br> 1 ten opzichte van 2, 4 ten opzichte van 3 <br>is het tegenovergestelde van<br> 2 ten opzichte van 1;1 ten opzichte van 2<br>is hetzelfde als<br>3 ten opzichte van 4, 2 ten opzichte van 1<br>is hetzelfde als<br>4 ten opzichte van 3, 3 ten opzichte van 4<br>is hetzelfde als<br>1 ten opzichte van 2, 4 ten opzichte van 3<br>is hetzelfde als<br>2 ten opzichte van 1;;ONWAAR;4;2;2;0
;6;85;1 is hetzelfde als 2;3 is het tegenovergestelde van 4;;;;1 ten opzichte van 2 <br>is het tegenovergestelde van<br> 3 ten opzichte van 4, 2 ten opzichte van 1 <br>is het tegenovergestelde van<br> 3 ten opzichte van 4, 3 ten opzichte van 4 <br>is het tegenovergestelde van<br> 1 ten opzichte van 2, 4 ten opzichte van 3 <br>is het tegenovergestelde van<br> 2 ten opzichte van 1;1 ten opzichte van 2<br>is hetzelfde als<br>3 ten opzichte van 4, 2 ten opzichte van 1<br>is hetzelfde als<br>4 ten opzichte van 3, 3 ten opzichte van 4<br>is hetzelfde als<br>1 ten opzichte van 2, 4 ten opzichte van 3<br>is hetzelfde als<br>2 ten opzichte van 1;;WAAR;4;1;3;0
;6;86;1 is het tegenovergestelde van 2;3 is het tegenovergestelde van 4;;;;1 ten opzichte van 2<br>is hetzelfde als<br>3 ten opzichte van 4, 2 ten opzichte van 1<br>is hetzelfde als<br>4 ten opzichte van 3, 3 ten opzichte van 4<br>is hetzelfde als<br>1 ten opzichte van 2, 4 ten opzichte van 3<br>is hetzelfde als<br>2 ten opzichte van 1;1 ten opzichte van 2 <br>is het tegenovergestelde van<br> 3 ten opzichte van 4, 2 ten opzichte van 1 <br>is het tegenovergestelde van<br> 4 ten opzichte van 3, 3 ten opzichte van 4 <br>is het tegenovergestelde van<br> 1 ten opzichte van 2, 4 ten opzichte van 3 <br>is het tegenovergestelde van<br> 2 ten opzichte van 1;;ONWAAR;4;1;3;0
;6;87;1 is het tegenovergestelde van 2;3 is het tegenovergestelde van 4;;;;1 ten opzichte van 2<br>is hetzelfde als<br>3 ten opzichte van 4, 2 ten opzichte van 1<br>is hetzelfde als<br>4 ten opzichte van 3, 3 ten opzichte van 4<br>is hetzelfde als<br>1 ten opzichte van 3, 4 ten opzichte van 3<br>is hetzelfde als<br>2 ten opzichte van 1;1 ten opzichte van 2 <br>is het tegenovergestelde van<br> 3 ten opzichte van 4, 2 ten opzichte van 1 <br>is het tegenovergestelde van<br> 4 ten opzichte van 3, 3 ten opzichte van 4 <br>is het tegenovergestelde van<br> 1 ten opzichte van 2, 4 ten opzichte van 3 <br>is het tegenovergestelde van<br> 2 ten opzichte van 1;;ONWAAR;4;1;3;0
;6;88;1 is het tegenovergestelde van 2;3 is het tegenovergestelde van 4;;;;1 ten opzichte van 2<br>is hetzelfde als<br>3 ten opzichte van 4, 2 ten opzichte van 1<br>is hetzelfde als<br>4 ten opzichte van 3, 3 ten opzichte van 4<br>is hetzelfde als<br>1 ten opzichte van 3, 4 ten opzichte van 3<br>is hetzelfde als<br>2 ten opzichte van 1;1 ten opzichte van 2 <br>is het tegenovergestelde van<br> 3 ten opzichte van 4, 2 ten opzichte van 1 <br>is het tegenovergestelde van<br> 4 ten opzichte van 3, 3 ten opzichte van 4 <br>is het tegenovergestelde van<br> 1 ten opzichte van 2, 4 ten opzichte van 3 <br>is het tegenovergestelde van<br> 2 ten opzichte van 1;;WAAR;4;1;3;0
;6;89;1 is meer dan 2;3 is meer dan 4;;;;1 ten opzichte van 2<br>is hetzelfde als<br>3 ten opzichte van 4, 2 ten opzichte van 1<br>is hetzelfde als<br>4 ten opzichte van 3, 3 ten opzichte van 4<br>is hetzelfde als<br>1 ten opzichte van 2, 4 ten opzichte van 3<br>is hetzelfde als<br>2 ten opzichte van 1, 1 ten opzichte van 2 <br>is het tegenovergestelde van<br> 4 ten opzichte van 3, 4 ten opzichte van 3 <br>is het tegenovergestelde van<br> 1 ten opzichte van 2, 2 ten opzichte van 1 <br>is het tegenovergestelde van<br> 3 ten opzichte van 4, 3 ten opzichte van 4 <br>is het tegenovergestelde van<br> 2 ten opzichte van 1;1 ten opzichte van 2<br>is hetzelfde als<br>4 ten opzichte van 3, 2 ten opzichte van 1<br>is hetzelfde als<br>3 ten opzichte van 4, 4 ten opzichte van 3<br>is hetzelfde als<br>1 ten opzichte van 2, 3 ten opzichte van 4<br>is hetzelfde als<br>2 ten opzichte van 1, 1 ten opzichte van 2 <br>is het tegenovergestelde van<br> 3 ten opzichte van 4, 2 ten opzichte van 1 <br>is het tegenovergestelde van<br> 4 ten opzichte van 3, 3 ten opzichte van 4 <br>is het tegenovergestelde van<br> 1 ten opzichte van 2, 4 ten opzichte van 3 <br>is het tegenovergestelde van<br> 2 ten opzichte van 1;;ONWAAR;6;1;5;0
;6;90;1 is meer dan 2;3 is meer dan 4;;;;1 ten opzichte van 2<br>is hetzelfde als<br>3 ten opzichte van 4, 2 ten opzichte van 1<br>is hetzelfde als<br>4 ten opzichte van 3, 3 ten opzichte van 4<br>is hetzelfde als<br>1 ten opzichte van 2, 4 ten opzichte van 3<br>is hetzelfde als<br>2 ten opzichte van 1, 1 ten opzichte van 2 <br>is het tegenovergestelde van<br> 4 ten opzichte van 3, 4 ten opzichte van 3 <br>is het tegenovergestelde van<br> 1 ten opzichte van 2, 2 ten opzichte van 1 <br>is het tegenovergestelde van<br> 3 ten opzichte van 4, 3 ten opzichte van 4 <br>is het tegenovergestelde van<br> 2 ten opzichte van 1;1 ten opzichte van 2<br>is hetzelfde als<br>4 ten opzichte van 3, 2 ten opzichte van 1<br>is hetzelfde als<br>3 ten opzichte van 4, 4 ten opzichte van 3<br>is hetzelfde als<br>1 ten opzichte van 2, 3 ten opzichte van 4<br>is hetzelfde als<br>2 ten opzichte van 1, 1 ten opzichte van 2 <br>is het tegenovergestelde van<br> 3 ten opzichte van 4, 2 ten opzichte van 1 <br>is het tegenovergestelde van<br> 4 ten opzichte van 3, 3 ten opzichte van 4 <br>is het tegenovergestelde van<br> 1 ten opzichte van 2, 4 ten opzichte van 3 <br>is het tegenovergestelde van<br> 2 ten opzichte van 1;;ONWAAR;6;1;5;0
;6;91;1 is meer dan 2;3 is meer dan 4;;;;1 ten opzichte van 2<br>is hetzelfde als<br>3 ten opzichte van 4, 2 ten opzichte van 1<br>is hetzelfde als<br>4 ten opzichte van 3, 3 ten opzichte van 4<br>is hetzelfde als<br>1 ten opzichte van 2, 4 ten opzichte van 3<br>is hetzelfde als<br>2 ten opzichte van 1, 1 ten opzichte van 2 <br>is het tegenovergestelde van<br> 4 ten opzichte van 3, 4 ten opzichte van 3 <br>is het tegenovergestelde van<br> 1 ten opzichte van 2, 2 ten opzichte van 1 <br>is het tegenovergestelde van<br> 3 ten opzichte van 4, 3 ten opzichte van 4 <br>is het tegenovergestelde van<br> 2 ten opzichte van 1;1 ten opzichte van 2<br>is hetzelfde als<br>4 ten opzichte van 3, 2 ten opzichte van 1<br>is hetzelfde als<br>3 ten opzichte van 4, 4 ten opzichte van 3<br>is hetzelfde als<br>1 ten opzichte van 2, 3 ten opzichte van 4<br>is hetzelfde als<br>2 ten opzichte van 1, 1 ten opzichte van 2 <br>is het tegenovergestelde van<br> 3 ten opzichte van 4, 2 ten opzichte van 1 <br>is het tegenovergestelde van<br> 4 ten opzichte van 3, 3 ten opzichte van 4 <br>is het tegenovergestelde van<br> 1 ten opzichte van 2, 4 ten opzichte van 3 <br>is het tegenovergestelde van<br> 2 ten opzichte van 1;;WAAR;6;3;3;0
;6;92;1 is meer dan 2;3 is minder dan 4;;;;1 ten opzichte van 2 <br>is het tegenovergestelde van<br> 3 ten opzichte van 4, 3 ten opzichte van 4 <br>is het tegenovergestelde van<br> 1 ten opzichte van 2, 2 ten opzichte van 1<br>is hetzelfde als<br>3 ten opzichte van 4, 3 ten opzichte van 4<br>is hetzelfde als<br>2 ten opzichte van 1, 2 ten opzichte van 1 <br>is het tegenovergestelde van<br> 4 ten opzichte van 3, 4 ten opzichte van 3 <br>is het tegenovergestelde van<br> 2 ten opzichte van 1, 1 ten opzichte van 2<br>is hetzelfde als<br>4 ten opzichte van 3, 4 ten opzichte van 3<br>is hetzelfde als<br>1 ten opzichte van 2;1 ten opzichte van 2<br>is hetzelfde als<br>3 ten opzichte van 4, 3 ten opzichte van 4<br>is hetzelfde als<br>1 ten opzichte van 2, 2 ten opzichte van 1 <br>is het tegenovergestelde van<br> 3 ten opzichte van 4, 3 ten opzichte van 4 <br>is het tegenovergestelde van<br> 2 ten opzichte van 1, 2 ten opzichte van 1<br>is hetzelfde als<br>4 ten opzichte van 3, 4 ten opzichte van 3<br>is hetzelfde als<br>2 ten opzichte van 1, 1 ten opzichte van 2 <br>is het tegenovergestelde van<br> 4 ten opzichte van 3, 4 ten opzichte van 3 <br>is het tegenovergestelde van<br> 1 ten opzichte van 2;;ONWAAR;6;3;3;0
;6;93;1 is meer dan 2;3 is minder dan 4;;;;1 ten opzichte van 2 <br>is het tegenovergestelde van<br> 3 ten opzichte van 4, 3 ten opzichte van 4 <br>is het tegenovergestelde van<br> 1 ten opzichte van 2, 2 ten opzichte van 1<br>is hetzelfde als<br>3 ten opzichte van 4, 3 ten opzichte van 4<br>is hetzelfde als<br>2 ten opzichte van 1, 2 ten opzichte van 1 <br>is het tegenovergestelde van<br> 4 ten opzichte van 3, 4 ten opzichte van 3 <br>is het tegenovergestelde van<br> 2 ten opzichte van 1, 1 ten opzichte van 2<br>is hetzelfde als<br>4 ten opzichte van 3, 4 ten opzichte van 3<br>is hetzelfde als<br>1 ten opzichte van 2;1 ten opzichte van 2<br>is hetzelfde als<br>3 ten opzichte van 4, 3 ten opzichte van 4<br>is hetzelfde als<br>1 ten opzichte van 2, 2 ten opzichte van 1 <br>is het tegenovergestelde van<br> 3 ten opzichte van 4, 3 ten opzichte van 4 <br>is het tegenovergestelde van<br> 2 ten opzichte van 1, 2 ten opzichte van 1<br>is hetzelfde als<br>4 ten opzichte van 3, 4 ten opzichte van 3<br>is hetzelfde als<br>2 ten opzichte van 1, 1 ten opzichte van 2 <br>is het tegenovergestelde van<br> 4 ten opzichte van 3, 4 ten opzichte van 3 <br>is het tegenovergestelde van<br> 1 ten opzichte van 2;;ONWAAR;6;2;4;0
;6;94;1 is minder dan 2;3 is minder dan 4;;;;1 ten opzichte van 2<br>is hetzelfde als<br>3 ten opzichte van 4, 2 ten opzichte van 1<br>is hetzelfde als<br>4 ten opzichte van 3, 3 ten opzichte van 4<br>is hetzelfde als<br>1 ten opzichte van 2, 4 ten opzichte van 3<br>is hetzelfde als<br>2 ten opzichte van 1, 1 ten opzichte van 2 <br>is het tegenovergestelde van<br> 4 ten opzichte van 3, 4 ten opzichte van 3 <br>is het tegenovergestelde van<br> 1 ten opzichte van 2, 2 ten opzichte van 1 <br>is het tegenovergestelde van<br> 3 ten opzichte van 4, 3 ten opzichte van 4 <br>is het tegenovergestelde van<br> 2 ten opzichte van 1;1 ten opzichte van 2<br>is hetzelfde als<br>4 ten opzichte van 3, 2 ten opzichte van 1<br>is hetzelfde als<br>3 ten opzichte van 4, 4 ten opzichte van 3<br>is hetzelfde als<br>1 ten opzichte van 2, 3 ten opzichte van 4<br>is hetzelfde als<br>2 ten opzichte van 1, 1 ten opzichte van 2 <br>is het tegenovergestelde van<br> 3 ten opzichte van 4, 2 ten opzichte van 1 <br>is het tegenovergestelde van<br> 4 ten opzichte van 3, 3 ten opzichte van 4 <br>is het tegenovergestelde van<br> 1 ten opzichte van 2, 4 ten opzichte van 3 <br>is het tegenovergestelde van<br> 2 ten opzichte van 1;;WAAR;6;2;4;0
;6;95;1 is minder dan 2;3 is minder dan 4;;;;1 ten opzichte van 2<br>is hetzelfde als<br>3 ten opzichte van 4, 2 ten opzichte van 1<br>is hetzelfde als<br>4 ten opzichte van 3, 3 ten opzichte van 4<br>is hetzelfde als<br>1 ten opzichte van 2, 4 ten opzichte van 3<br>is hetzelfde als<br>2 ten opzichte van 1, 1 ten opzichte van 2 <br>is het tegenovergestelde van<br> 4 ten opzichte van 3, 4 ten opzichte van 3 <br>is het tegenovergestelde van<br> 1 ten opzichte van 2, 2 ten opzichte van 1 <br>is het tegenovergestelde van<br> 3 ten opzichte van 4, 3 ten opzichte van 4 <br>is het tegenovergestelde van<br> 2 ten opzichte van 1;1 ten opzichte van 2<br>is hetzelfde als<br>4 ten opzichte van 3, 2 ten opzichte van 1<br>is hetzelfde als<br>3 ten opzichte van 4, 4 ten opzichte van 3<br>is hetzelfde als<br>1 ten opzichte van 2, 3 ten opzichte van 4<br>is hetzelfde als<br>2 ten opzichte van 1, 1 ten opzichte van 2 <br>is het tegenovergestelde van<br> 3 ten opzichte van 4, 2 ten opzichte van 1 <br>is het tegenovergestelde van<br> 4 ten opzichte van 3, 3 ten opzichte van 4 <br>is het tegenovergestelde van<br> 1 ten opzichte van 2, 4 ten opzichte van 3 <br>is het tegenovergestelde van<br> 2 ten opzichte van 1;;ONWAAR;6;3;3;0
;6;96;1 is minder dan 2;3 is minder dan 4;;;;1 ten opzichte van 2<br>is hetzelfde als<br>3 ten opzichte van 4, 2 ten opzichte van 1<br>is hetzelfde als<br>4 ten opzichte van 3, 3 ten opzichte van 4<br>is hetzelfde als<br>1 ten opzichte van 2, 4 ten opzichte van 3<br>is hetzelfde als<br>2 ten opzichte van 1, 1 ten opzichte van 2 <br>is het tegenovergestelde van<br> 4 ten opzichte van 3, 4 ten opzichte van 3 <br>is het tegenovergestelde van<br> 1 ten opzichte van 2, 2 ten opzichte van 1 <br>is het tegenovergestelde van<br> 3 ten opzichte van 4, 3 ten opzichte van 4 <br>is het tegenovergestelde van<br> 2 ten opzichte van 1;1 ten opzichte van 2<br>is hetzelfde als<br>4 ten opzichte van 3, 2 ten opzichte van 1<br>is hetzelfde als<br>3 ten opzichte van 4, 4 ten opzichte van 3<br>is hetzelfde als<br>1 ten opzichte van 2, 3 ten opzichte van 4<br>is hetzelfde als<br>2 ten opzichte van 1, 1 ten opzichte van 2 <br>is het tegenovergestelde van<br> 3 ten opzichte van 4, 2 ten opzichte van 1 <br>is het tegenovergestelde van<br> 4 ten opzichte van 3, 3 ten opzichte van 4 <br>is het tegenovergestelde van<br> 1 ten opzichte van 2, 4 ten opzichte van 3 <br>is het tegenovergestelde van<br> 2 ten opzichte van 1;;ONWAAR;6;1;5;0
;7;97;1 is hier;2 is daar;als hier daar is en daar hier is;;dan;1 is daar, 2 is hier;1 is hier, 2 is daar;;WAAR;4;2;2;0
;7;98;1 is hier;2 is daar;als hier daar is en daar hier is;;dan;1 is daar, 2 is hier;1 is hier, 2 is daar;;ONWAAR;4;2;2;0
;7;99;1 is hier nu;2 was daar dan;als hier daar is en daar hier is;;dan;1 is daar nu, 2 was hier dan;1 is hier nu, 2 was daar dan, 1 was daar dan, 2 is hier nu;;ONWAAR;4;1;3;0
;7;100;1 is hier nu;2 was daar dan;als hier daar is en daar hier is;;dan;1 is daar nu, 2 was hier dan;1 is hier nu, 2 was daar dan, 1 was daar dan, 2 is hier nu;;WAAR;4;2;2;0
;7;101;1 is hier nu;2 was daar dan;als nu dan is en dan nu is;;dan;1 was hier dan, 2 is daar nu;1 is hier nu, 2 was daar dan, 1 was daar dan, 2 was hier dan;;ONWAAR;4;1;3;0
;7;102;1 is hier nu;2 was daar dan;als nu dan is en dan nu is;;dan;1 was hier dan, 2 is daar nu;1 is hier nu, 1 was daar dan, 1 is daar nu, 2 was daar dan, 2 was hier dan, 2 is hier nu;;ONWAAR;4;2;2;0
;7;103;1 is hier nu;2 was daar dan;als hier daar is en daar hier is;en als 1 2 is en 2 1 is;dan;2 is daar nu, 1 was hier dan;2 was daar dan, 2 is hier nu, 2 was hier dan, 1 was daar dan, 1 is hier nu, 1 is daar nu;;WAAR;4;1;3;0
;7;104;1 is hier nu;2 was daar dan;als hier daar is en daar hier is;en als 1 2 is en 2 1 is;dan;2 is daar nu, 1 was hier dan;2 was daar dan, 2 is hier nu, 2 was hier dan, 1 was daar dan, 1 is hier nu, 1 is daar nu;;ONWAAR;4;1;3;0
;7;105;1 is hier nu;2 was daar dan;als hier daar is en daar hier is;en als 1 2 is en 2 1 is;dan;2 is daar nu, 1 was hier dan;2 was daar dan, 2 is hier nu, 2 was hier dan, 1 was daar dan, 1 is hier nu, 1 is daar nu;;ONWAAR;6;1;5;0
;7;106;1 is hier nu;2 was daar dan;als hier daar is en daar hier is;en als 1 2 is en 2 1 is;dan;2 is daar nu, 1 was hier dan;2 was daar dan, 2 is hier nu, 2 was hier dan, 1 was daar dan, 1 is hier nu, 1 is daar nu;;WAAR;6;2;4;0
;7;107;1 is hier nu;2 was daar dan;als hier daar is en daar hier is;en als 1 2 is en 2 1 is;dan;2 is daar nu, 1 was hier dan;2 was daar dan, 2 is hier nu, 2 was hier dan, 1 was daar dan, 1 is hier nu, 1 is daar nu;;ONWAAR;6;2;4;0
;7;108;1 is hier nu;2 was daar dan;als nu dan is en dan nu is;en als 1 2 is en 2 1 is;dan;2 was hier dan, 1 is daar nu;2 is hier nu, 2 was daar dan, 2 was hier dan, 1 was daar dan, 1 was hier dan, 1 is hier nu;;ONWAAR;6;2;4;0
;7;109;1 is hier nu;2 was daar dan;als nu dan is en dan nu is;en als 1 2 is en 2 1 is;dan;2 was hier dan, 1 is daar nu;2 is hier nu, 2 was daar dan, 2 was hier dan, 1 was daar dan, 1 was hier dan, 1 is hier nu;;WAAR;6;1;5;0
;7;110;1 is hier nu;2 was daar dan;als nu dan is en dan nu is;en als 1 2 is en 2 1 is;dan;2 was hier dan, 1 is daar nu;2 is hier nu, 2 was daar dan, 2 was hier dan, 1 was daar dan, 1 was hier dan, 1 is hier nu;;ONWAAR;6;1;5;0
;7;111;1 is hier nu;2 was daar dan;als nu dan is en dan nu is;en als 1 2 is en 2 1 is;dan;2 was hier dan, 1 is daar nu;2 is hier nu, 2 was daar dan, 2 was hier dan, 1 was daar dan, 1 was hier dan, 1 is hier nu;;ONWAAR;6;2;4;0
;7;112;1 is hier nu;2 was daar dan;als nu dan is en dan nu is;en als 1 2 is en 2 1 is;dan;2 was hier dan, 1 is daar nu;2 is hier nu, 2 was daar dan, 2 was hier dan, 1 was daar dan, 1 was hier dan, 1 is hier nu;;WAAR;6;2;4;0
;8;113;1 plus 2;is hetzelfde als;3 plus 4;1 is meer dan 3;;3 is minder dan 1, 4 is meer dan 2, 2 is minder dan 4;2 is hetzelfde als 4, 2 is meer dan 4, 4 is minder dan 2, 1 is minder dan 3, 3 is meer dan 1;1 is meer dan 4, 4 is meer dan 1, 1 is minder dan 4, 4 is minder dan 1, 2 is hetzelfde als 3, 3 is meer dan 2, 2 is minder dan 3, 3 is minder dan 2, 2 is meer dan 3;ONWAAR;4;1;3;0
;8;114;1 plus 2;is hetzelfde als;3 plus 4;1 is meer dan 3;;3 is minder dan 1, 4 is meer dan 2, 2 is minder dan 4;2 is hetzelfde als 4, 2 is meer dan 4, 4 is minder dan 2, 1 is minder dan 3, 3 is meer dan 1;1 is meer dan 4, 4 is meer dan 1, 1 is minder dan 4, 4 is minder dan 1, 2 is hetzelfde als 3, 3 is meer dan 2, 2 is minder dan 3, 3 is minder dan 2, 2 is meer dan 3;ONWAAR;4;2;2;0
;8;115;1 plus 2;is hetzelfde als;3 plus 4;1 is minder dan 3;;3 is meer dan 1, 4 is minder dan 2, 2 is meer dan 4;2 is hetzelfde als 4, 2 is minder dan 4, 4 is meer dan 2, 1 is meer dan 3, 3 is minder dan 1;1 is meer dan 4, 4 is meer dan 1, 1 is minder dan 4, 4 is minder dan 1, 2 is hetzelfde als 3, 3 is meer dan 2, 2 is minder dan 3, 3 is minder dan 2, 2 is meer dan 3;WAAR;4;1;3;0
;8;116;1 plus 2;is hetzelfde als;3 plus 4;1 is minder dan 3;;3 is meer dan 1, 4 is minder dan 2, 2 is meer dan 4;2 is hetzelfde als 4, 2 is minder dan 4, 4 is meer dan 2, 1 is meer dan 3, 3 is minder dan 1;1 is meer dan 4, 4 is meer dan 1, 1 is minder dan 4, 4 is minder dan 1, 2 is hetzelfde als 3, 3 is meer dan 2, 2 is minder dan 3, 3 is minder dan 2, 2 is meer dan 3;ONWAAR;4;2;2;0
;8;117;1 min 2;is hetzelfde als;3 min 4;1 is meer dan 3;;3 is minder dan 1, 2 is meer dan 4, 4 is minder dan 2;3 is meer dan 1, 1 is minder dan 3, 2 is minder dan 4, 4 is meer dan 2, 2 is hetzelfde als 4;1 is meer dan 4, 4 is meer dan 1, 1 is minder dan 4, 4 is minder dan 1, 2 is hetzelfde als 3, 3 is meer dan 2, 2 is minder dan 3, 3 is minder dan 2, 2 is meer dan 3;ONWAAR;4;3;1;0
;8;118;1 min 2;is hetzelfde als;3 min 4;1 is meer dan 3;;3 is minder dan 1, 2 is meer dan 4, 4 is minder dan 2;3 is meer dan 1, 1 is minder dan 3, 2 is minder dan 4, 4 is meer dan 2, 2 is hetzelfde als 4;1 is meer dan 4, 4 is meer dan 1, 1 is minder dan 4, 4 is minder dan 1, 2 is hetzelfde als 3, 3 is meer dan 2, 2 is minder dan 3, 3 is minder dan 2, 2 is meer dan 3;WAAR;4;2;2;0
;8;119;1 min 2;is hetzelfde als;3 min 4;1 is minder dan 3;;3 is meer dan 1, 2 is minder dan 4, 4 is meer dan 2;3 is minder dan 1, 1 is meer dan 3, 2 is meer dan 4, 4 is minder dan 2, 2 is hetzelfde als 4;1 is meer dan 4, 4 is meer dan 1, 1 is minder dan 4, 4 is minder dan 1, 2 is hetzelfde als 3, 3 is meer dan 2, 2 is minder dan 3, 3 is minder dan 2, 2 is meer dan 3;ONWAAR;4;1;3;0
;8;120;1 min 2;is hetzelfde als;3 min 4;1 is minder dan 3;;3 is meer dan 1, 2 is minder dan 4, 4 is meer dan 2;3 is minder dan 1, 1 is meer dan 3, 2 is meer dan 4, 4 is minder dan 2, 2 is hetzelfde als 4;1 is meer dan 4, 4 is meer dan 1, 1 is minder dan 4, 4 is minder dan 1, 2 is hetzelfde als 3, 3 is meer dan 2, 2 is minder dan 3, 3 is minder dan 2, 2 is meer dan 3;ONWAAR;4;2;2;0
;8;121;1 plus 2;is meer dan;3 plus 4;1 is hetzelfde als 3;;2 is meer dan 4, 4 is minder dan 2, 3 is hetzelfde als 1;2 is minder dan 4, 4 is meer dan 2, 2 is hetzelfde als 4, 4 is hetzelfde als 2, 3 is meer dan 1, 3 is minder dan 1;1 is meer dan 4, 4 is meer dan 1, 1 is minder dan 4, 4 is minder dan 1, 2 is hetzelfde als 3, 3 is meer dan 2, 2 is minder dan 3, 3 is minder dan 2, 2 is meer dan 3;WAAR;6;3;3;0
;8;122;1 plus 2;is meer dan;3 plus 4;1 is hetzelfde als 3;;2 is meer dan 4, 4 is minder dan 2, 3 is hetzelfde als 1;2 is minder dan 4, 4 is meer dan 2, 2 is hetzelfde als 4, 4 is hetzelfde als 2, 3 is meer dan 1, 3 is minder dan 1;1 is meer dan 4, 4 is meer dan 1, 1 is minder dan 4, 4 is minder dan 1, 2 is hetzelfde als 3, 3 is meer dan 2, 2 is minder dan 3, 3 is minder dan 2, 2 is meer dan 3;ONWAAR;6;1;5;0
;8;123;1 min 2;is meer dan;3 min 4;1 is hetzelfde als 3;;2 is minder dan 4, 4 is meer dan 2, 3 is hetzelfde als 1;2 is meer dan 4, 4 is minder dan 2, 2 is hetzelfde als 4, 4 is hetzelfde als 2, 3 is meer dan 1, 3 is minder dan 1;1 is meer dan 4, 4 is meer dan 1, 1 is minder dan 4, 4 is minder dan 1, 2 is hetzelfde als 3, 3 is meer dan 2, 2 is minder dan 3, 3 is minder dan 2, 2 is meer dan 3;ONWAAR;6;1;5;0
;8;124;1 min 2;is meer dan;3 min 4;1 is hetzelfde als 3;;2 is minder dan 4, 4 is meer dan 2, 3 is hetzelfde als 1;2 is meer dan 4, 4 is minder dan 2, 2 is hetzelfde als 4, 4 is hetzelfde als 2, 3 is meer dan 1, 3 is minder dan 1;1 is meer dan 4, 4 is meer dan 1, 1 is minder dan 4, 4 is minder dan 1, 2 is hetzelfde als 3, 3 is meer dan 2, 2 is minder dan 3, 3 is minder dan 2, 2 is meer dan 3;WAAR;6;2;4;0
;8;125;1 plus 2;is minder dan;3 plus 4;2 is hetzelfde als 4;;1 is minder dan 3, 3 is meer dan 1, 4 is hetzelfde als 2;1 is meer dan 3, 3 is minder dan 1, 1 is hetzelfde als 3, 3 is hetzelfde als 1, 4 is meer dan 2, 2 is minder dan 4, 4 is minder dan 2, 2 is meer dan 4;1 is meer dan 4, 4 is meer dan 1, 1 is minder dan 4, 4 is minder dan 1, 2 is hetzelfde als 3, 3 is meer dan 2, 2 is minder dan 3, 3 is minder dan 2, 2 is meer dan 3;ONWAAR;6;2;4;0
;8;126;1 plus 2;is minder dan;3 plus 4;2 is hetzelfde als 4;;1 is minder dan 3, 3 is meer dan 1, 4 is hetzelfde als 2;1 is meer dan 3, 3 is minder dan 1, 1 is hetzelfde als 3, 3 is hetzelfde als 1, 4 is meer dan 2, 2 is minder dan 4, 4 is minder dan 2, 2 is meer dan 4;1 is meer dan 4, 4 is meer dan 1, 1 is minder dan 4, 4 is minder dan 1, 2 is hetzelfde als 3, 3 is meer dan 2, 2 is minder dan 3, 3 is minder dan 2, 2 is meer dan 3;ONWAAR;6;2;4;0
;8;127;1 min 2;is minder dan;3 min 4;2 is hetzelfde als 4;;1 is minder dan 3, 3 is meer dan 1, 4 is hetzelfde als 2;1 is meer dan 3, 3 is minder dan 1, 1 is hetzelfde als 3, 3 is hetzelfde als 1, 4 is meer dan 2, 2 is minder dan 4, 4 is minder dan 2, 2 is meer dan 4;1 is meer dan 4, 4 is meer dan 1, 1 is minder dan 4, 4 is minder dan 1, 2 is hetzelfde als 3, 3 is meer dan 2, 2 is minder dan 3, 3 is minder dan 2, 2 is meer dan 3;WAAR;6;3;3;0
;8;128;1 min 2;is minder dan;3 min 4;2 is hetzelfde als 4;;1 is minder dan 3, 3 is meer dan 1, 4 is hetzelfde als 2;1 is meer dan 3, 3 is minder dan 1, 1 is hetzelfde als 3, 3 is hetzelfde als 1, 4 is meer dan 2, 2 is minder dan 4, 4 is minder dan 2, 2 is meer dan 4;1 is meer dan 4, 4 is meer dan 1, 1 is minder dan 4, 4 is minder dan 1, 2 is hetzelfde als 3, 3 is meer dan 2, 2 is minder dan 3, 3 is minder dan 2, 2 is meer dan 3;ONWAAR;6;1;5;0
